 q; r;45;rtergd
f;r;457;пїЅпїЅпїЅпїЅпїЅ
 пїЅпїЅпїЅпїЅ; пїЅпїЅпїЅпїЅпїЅ;457;пїЅпїЅпїЅпїЅпїЅпїЅпїЅпїЅ
setuw;ftj;785;hbilff
sru;пїЅпїЅпїЅпїЅпїЅпїЅ;23425;пїЅпїЅпїЅпїЅпїЅпїЅпїЅпїЅ
пїЅпїЅпїЅпїЅпїЅпїЅ;пїЅпїЅпїЅпїЅпїЅ;24526;пїЅпїЅпїЅпїЅпїЅпїЅпїЅпїЅ
dtgsjryk;sfyhjgsyrk;45743587;flkmbuy
пїЅпїЅпїЅпїЅ;пїЅпїЅпїЅпїЅпїЅпїЅ;123456;пїЅпїЅпїЅпїЅпїЅпїЅ
пїЅпїЅпїЅпїЅ;пїЅпїЅпїЅпїЅпїЅпїЅ;456789;пїЅпїЅпїЅпїЅпїЅпїЅ
пїЅпїЅпїЅпїЅпїЅпїЅпїЅпїЅпїЅпїЅпїЅпїЅ789123пїЅпїЅпїЅпїЅпїЅпїЅпїЅпїЅпїЅпїЅпїЅпїЅпїЅпїЅпїЅпїЅпїЅпїЅ789123пїЅпїЅпїЅпїЅпїЅпїЅ

дльвд
ждб
456
лвад

Сидор
Сидоров
789123
третий
Федор;Сидоров;456123;четвертый
